{
    "line_0000": {
        "line_bbox": [
            97.0,
            430.0,
            1598.0,
            567.0
        ],
        "line_centroid": [
            847.5,
            498.5
        ],
        "polygon_ids": [
            "poly_0000",
            "poly_0001",
            "poly_0002"
        ],
        "text": "Papeleria el estudiante"
    },
    "line_0001": {
        "line_bbox": [
            419.0,
            600.0,
            1380.0,
            659.0
        ],
        "line_centroid": [
            899.5,
            629.5
        ],
        "polygon_ids": [
            "poly_0003",
            "poly_0004",
            "poly_0005",
            "poly_0006",
            "poly_0007",
            "poly_0008"
        ],
        "text": "FEDERICO GOMEZ6 ZUMP ED0 MEX CP55600"
    },
    "line_0002": {
        "line_bbox": [
            489.0,
            680.0,
            1318.9999999999998,
            739.0
        ],
        "line_centroid": [
            903.9999999999999,
            709.5
        ],
        "polygon_ids": [
            "poly_0009",
            "poly_0010",
            "poly_0011",
            "poly_0012",
            "poly_0013"
        ],
        "text": "JOSE MENDEZ DAYILA R.F.C. MEDJ630711HU5"
    },
    "line_0003": {
        "line_bbox": [
            529.0,
            754.0,
            1267.0000000000002,
            822.0
        ],
        "line_centroid": [
            898.0000000000001,
            788.0
        ],
        "polygon_ids": [
            "poly_0014",
            "poly_0015",
            "poly_0016",
            "poly_0017"
        ],
        "text": "REGIMEN SIMPLIFICADO DE CONFIANZA"
    },
    "line_0004": {
        "line_bbox": [
            468.0,
            834.0,
            1340.0,
            908.0
        ],
        "line_centroid": [
            904.0,
            871.0
        ],
        "polygon_ids": [
            "poly_0018"
        ],
        "text": "Dibujo,Ingenieria,Escritura,Computacion,"
    },
    "line_0005": {
        "line_bbox": [
            511.0,
            917.0,
            1291.0,
            988.0
        ],
        "line_centroid": [
            901.0,
            952.5
        ],
        "polygon_ids": [
            "poly_0019",
            "poly_0020",
            "poly_0021",
            "poly_0022"
        ],
        "text": "Oficina, Papeles Extendidos, Escolar."
    },
    "line_0006": {
        "line_bbox": [
            101.0,
            1026.1666666666667,
            1634.0,
            1108.5
        ],
        "line_centroid": [
            867.5,
            1067.3333333333335
        ],
        "polygon_ids": [
            "poly_0028",
            "poly_0023",
            "poly_0024",
            "poly_0025",
            "poly_0026",
            "poly_0027"
        ],
        "text": "Cte A1251 ROSA MARIA CENTURION LOPEZ"
    },
    "line_0007": {
        "line_bbox": [
            1233.0,
            1148.0,
            1548.0,
            1234.0
        ],
        "line_centroid": [
            1390.5,
            1191.0
        ],
        "polygon_ids": [
            "poly_0029",
            "poly_0030",
            "poly_0031"
        ],
        "text": "19 ene 25"
    },
    "line_0008": {
        "line_bbox": [
            118.0,
            1238.8,
            1576.0,
            1310.2
        ],
        "line_centroid": [
            847.0,
            1274.5
        ],
        "polygon_ids": [
            "poly_0032",
            "poly_0033",
            "poly_0034",
            "poly_0035",
            "poly_0036"
        ],
        "text": "Nota Mayoreo Folic 0176 1343"
    },
    "line_0009": {
        "line_bbox": [
            89.0,
            1318.0,
            490.0,
            1387.0
        ],
        "line_centroid": [
            289.5,
            1352.5
        ],
        "polygon_ids": [
            "poly_0037",
            "poly_0038",
            "poly_0039"
        ],
        "text": "Atendio 8 ML"
    },
    "line_0010": {
        "line_bbox": [
            66.0,
            1445.6,
            1719.0,
            1519.8
        ],
        "line_centroid": [
            892.5,
            1482.6999999999998
        ],
        "polygon_ids": [
            "poly_0040",
            "poly_0041",
            "poly_0042",
            "poly_0043",
            "poly_0044"
        ],
        "text": "Cant. Producto P.U.C.O Importe P.S."
    },
    "line_0011": {
        "line_bbox": [
            125.0,
            1535.6,
            1723.0,
            1617.5
        ],
        "line_centroid": [
            924.0,
            1576.55
        ],
        "polygon_ids": [
            "poly_0045",
            "poly_0046",
            "poly_0047",
            "poly_0048",
            "poly_0049",
            "poly_0050",
            "poly_0051",
            "poly_0052",
            "poly_0053",
            "poly_0054"
        ],
        "text": "3 VINCI 25 AM LIM 50 C10 85.50 256.50 12"
    },
    "line_0012": {
        "line_bbox": [
            128.0,
            1643.4285714285713,
            1723.0,
            1716.142857142857
        ],
        "line_centroid": [
            925.5,
            1679.7857142857142
        ],
        "polygon_ids": [
            "poly_0055",
            "poly_0056",
            "poly_0057",
            "poly_0058",
            "poly_0059",
            "poly_0060",
            "poly_0061"
        ],
        "text": "5 PUNTILLAS PM 0.5 9.49 47.45 15"
    },
    "line_0013": {
        "line_bbox": [
            125.0,
            1744.5,
            1723.0,
            1822.625
        ],
        "line_centroid": [
            924.0,
            1783.5625
        ],
        "polygon_ids": [
            "poly_0062",
            "poly_0063",
            "poly_0064",
            "poly_0065",
            "poly_0066",
            "poly_0067",
            "poly_0068",
            "poly_0069"
        ],
        "text": "1 PASTA CTA SURT C25 135.00 135.00 12"
    },
    "line_0014": {
        "line_bbox": [
            125.0,
            1845.625,
            1723.0,
            1923.375
        ],
        "line_centroid": [
            924.0,
            1884.5
        ],
        "polygon_ids": [
            "poly_0070",
            "poly_0071",
            "poly_0072",
            "poly_0073",
            "poly_0074",
            "poly_0075",
            "poly_0076",
            "poly_0077"
        ],
        "text": "2 FOLDER CTA CR C10 22.50 45.00 5"
    },
    "line_0015": {
        "line_bbox": [
            125.0,
            1947.5,
            1723.0,
            2024.125
        ],
        "line_centroid": [
            924.0,
            1985.8125
        ],
        "polygon_ids": [
            "poly_0078",
            "poly_0079",
            "poly_0080",
            "poly_0081",
            "poly_0082",
            "poly_0083",
            "poly_0084",
            "poly_0085"
        ],
        "text": "1 SOBRE CROND CTA C10 49.80 49.80 7"
    },
    "line_0016": {
        "line_bbox": [
            125.0,
            2048.4285714285716,
            1726.0,
            2127.1428571428573
        ],
        "line_centroid": [
            925.5,
            2087.7857142857147
        ],
        "polygon_ids": [
            "poly_0086",
            "poly_0087",
            "poly_0088",
            "poly_0089",
            "poly_0090",
            "poly_0091",
            "poly_0092"
        ],
        "text": "2 CREPE NGO C10 48.00 96.00 8"
    },
    "line_0017": {
        "line_bbox": [
            128.0,
            2154.0,
            1723.0,
            2230.25
        ],
        "line_centroid": [
            925.5,
            2192.125
        ],