{
    "line_0000": {
        "line_bbox": [
            435.0,
            36.0,
            1191.0,
            89.0
        ],
        "line_centroid": [
            813.0,
            62.5
        ],
        "polygon_ids": [
            "poly_0000"
        ],
        "text": "1070220240113PM"
    },
    "line_0001": {
        "line_bbox": [
            55.0,
            123.0,
            1119.0,
            183.0
        ],
        "line_centroid": [
            587.0,
            153.0
        ],
        "polygon_ids": [
            "poly_0002",
            "poly_0001"
        ],
        "text": "CAJERO AMEZCUA"
    },
    "line_0002": {
        "line_bbox": [
            57.0,
            218.0,
            1054.0,
            277.0
        ],
        "line_centroid": [
            555.5,
            247.5
        ],
        "polygon_ids": [
            "poly_0003",
            "poly_0004"
        ],
        "text": "TURNO  6235"
    },
    "line_0003": {
        "line_bbox": [
            46.0,
            310.0,
            1042.0,
            372.0
        ],
        "line_centroid": [
            544.0,
            341.0
        ],
        "polygon_ids": [
            "poly_0005",
            "poly_0006"
        ],
        "text": "FOL10 105648"
    },
    "line_0004": {
        "line_bbox": [
            57.0,
            506.3333333333333,
            1465.0,
            554.3333333333334
        ],
        "line_centroid": [
            761.0,
            530.3333333333334
        ],
        "polygon_ids": [
            "poly_0007",
            "poly_0008",
            "poly_0009"
        ],
        "text": "CANT.DESCRIPCION PRECIO IMPORTE"
    },
    "line_0005": {
        "line_bbox": [
            53.0,
            774.0,
            1495.0,
            835.0
        ],
        "line_centroid": [
            774.0,
            804.5
        ],
        "polygon_ids": [
            "poly_0010",
            "poly_0011",
            "poly_0012",
            "poly_0013"
        ],
        "text": "3 GRAPAMARVELC500 $26.50 $79.50"
    },
    "line_0006": {
        "line_bbox": [
            115.0,
            865.0,
            168.0,
            931.0
        ],
        "line_centroid": [
            141.5,
            898.0
        ],
        "polygon_ids": [
            "poly_0014"
        ],
        "text": "0"
    },
    "line_0007": {
        "line_bbox": [
            53.0,
            1060.0,
            765.0,
            1111.0
        ],
        "line_centroid": [
            409.0,
            1085.5
        ],
        "polygon_ids": [
            "poly_0015",
            "poly_0016",
            "poly_0017"
        ],
        "text": "NO.DE ART1CULOS 3"
    },
    "line_0008": {
        "line_bbox": [
            528.0,
            1153.0,
            1024.0,
            1207.0
        ],
        "line_centroid": [
            776.0,
            1180.0
        ],
        "polygon_ids": [
            "poly_0018"
        ],
        "text": "TOTAL$79.50"
    },
    "line_0009": {
        "line_bbox": [
            471.0,
            1245.0,
            1090.0,
            1300.0
        ],
        "line_centroid": [
            780.5,
            1272.5
        ],
        "polygon_ids": [
            "poly_0019",
            "poly_0020"
        ],
        "text": "PAGO CON$79.50"
    },
    "line_0010": {
        "line_bbox": [
            471.0,
            1336.0,
            1074.0,
            1394.0
        ],
        "line_centroid": [
            772.5,
            1365.0
        ],
        "polygon_ids": [
            "poly_0021",
            "poly_0022",
            "poly_0023"
        ],
        "text": "SU CAMBIO $0.00"
    }
}